x,y,yaw,max_speed
-0.8048265418169124,-0.1266652308407629,0.0029185129501988955,8.0
-0.7047493114604988,-0.12637315331866922,0.002495513205940567,8.0
-0.6046719687449147,-0.12612340846987097,0.00211679871180711,8.0
-0.5045945388382965,-0.12591156437875065,0.0017791263180741903,8.0
-0.4045170424403022,-0.12573351368320124,0.0014795716627407404,8.0
-0.304439496333266,-0.12558544167385488,0.001215319376598616,8.0
-0.20436191385552802,-0.1254638153888258,0.0009582073817503498,8.0
-0.10428430322651301,-0.12536792025422408,0.0007553960657330275,8.0
-0.004206675463611115,-0.12529232199356471,0.0005882228969882599,8.0
0.09587096343435077,-0.12523345402809885,0.00043878243865377566,8.0
0.19594861004268943,-0.12518954171144717,0.00030331403033202406,8.0
0.2960262617445033,-0.12515918675463245,0.00017752079377460575,8.0
0.39610391653041627,-0.12514142088972913,5.64909970399604e-05,8.0
0.49618157277772756,-0.12513576740314028,-6.536546117412522e-05,8.0
0.596259229007287,-0.12514230902530227,-0.0001943667798208602,8.0
0.6963368836013734,-0.1251617607970027,-0.0003375912098314434,8.0
0.7964145344487459,-0.12519554613351283,-0.0005118052765191668,8.0
0.8964921779140748,-0.12524676640397228,-0.0007127677132719023,8.0
0.9965698089754624,-0.12531809852029338,-0.0009515656933538349,8.0
1.0966474199760523,-0.12541332897033736,-0.0012401969338649487,8.0
1.196724999054988,-0.12553744494069347,-0.0015883574990290643,8.0
1.2968025284593487,-0.12569640396868537,-0.0020057054079178176,8.0
1.396879982239975,-0.1258971301281079,-0.0025014522841258317,8.0
1.4969573234379265,-0.12614746934398313,-0.0030838744181399045,8.0
1.5970345008423243,-0.12645609576959554,-0.00375975688426686,8.0
1.6971114455167189,-0.1268323625242335,-0.004533793047149762,8.0
1.79718806743406,-0.12728609232571644,-0.005407970385856872,8.0
1.8972642527143422,-0.12782730664819597,-0.0063809813225690366,8.0
1.9973398620982497,-0.12846589590967278,-0.007447703819581281,8.0
2.097414731379991,-0.12921123767686243,-0.008598799976333492,8.0
2.19748867452374,-0.13007177470608908,-0.00982048080385614,8.0
2.297561490064499,-0.1310545694644774,-0.011094481013227185,8.0
2.3976329711225417,-0.13216485616555662,-0.012398278575211207,8.0
2.4977029189413535,-0.1334056148316348,-0.01370558000618491,8.0
2.59777115932454,-0.1347771939878396,-0.01498707440886812,8.0
2.6978375607647718,-0.1362770088860745,-0.01621143846417606,8.0
2.7979020525242007,-0.13789934036121526,-0.017346552612479055,8.0
2.89796464055261,-0.13963525542643562,-0.018360867755445404,8.0
2.9980254190210904,-0.14147266462873684,-0.019224844274654623,8.0
3.098084575476507,-0.1433965233516414,-0.019912373161208825,8.0
3.1981423882007936,-0.14538917522715009,-0.020402084275471914,8.0
3.298199215235742,-0.14743082632823118,-0.02067845017910551,8.0
3.398255475588213,-0.14950012967497786,-0.020732605690840247,8.0
3.4983116241942294,-0.15157485162629974,-0.020562822477767684,8.0
3.598368123108961,-0.15363258568307556,-0.020174602929842845,8.0
3.698425411941482,-0.15565147566884308,-0.019580385949851127,8.0
3.798483880665449,-0.15761090952051365,-0.018798886412047265,8.0
3.898543847587815,-0.15949214708691456,-0.01785411710936711,8.0
3.9986055445130257,-0.16127885019483137,-0.016774164465543497,8.0
4.09866911013671,-0.16295749034567608,-0.015589805097391038,8.0
4.198734591619501,-0.16451761809321863,-0.014333058178294493,7.96991211697976
4.298801953309241,-0.16595198763539135,-0.013035768055811513,7.906927288927147
4.398871090846074,-0.16725653959741843,-0.011728303191922133,7.843436692699241
4.498941848487118,-0.16843025360016967,-0.010438442507703724,7.779427945060022
4.599014037442841,-0.16947488933302624,-0.009190500520245485,7.714888149051858
4.699087453278662,-0.17039464000914611,-0.00800472049792451,7.649803863654336
4.799161890910376,-0.1711957250214357,-0.00689694251978107,7.58416107109948
4.89923715629808,-0.1718859493186554,-0.005878532868752891,7.517945141618208
4.99931307451314,-0.17247425566999888,-0.004956544237310242,7.4511407953668956
5.099389494332963,-0.17297029293405797,-0.004134063823013696,7.383732061253362
5.199466289859802,-0.17338401915089835,-0.0034106989694697647,7.315702232347952
5.299543359848334,-0.17372535323394153,-0.00278314741888139,7.2470338175270586
5.399620625476634,-0.17400388373662137,-0.0022458008683111583,7.1777084889525025
5.4996980272389795,-0.17422863803025623,-0.001791335416900064,7.107707024939957
5.599775521516675,-0.17440791058194538,-0.0014112495372576323,7.037009247711759
5.699853077232466,-0.17454914507990124,-0.0010963182604731845,6.965593955462865
5.799930672845388,-0.1746588620193927,-0.0008369402956912292,6.893438848091771
5.900008293815374,-0.17474262103263627,-0.0006233619795878811,6.820520445859011
6.000085930569932,-0.17480500563447654,-0.0004457677002533168,6.746814000132271
6.10016357693945,-0.17484961701970034,-0.00029423048734531615,6.672293395256298
6.200241228988087,-0.1748790629168847,-0.0001585188169847385,6.59693104044455
6.300318884145189,-0.1748949271085197,-2.7756614502900255e-05,6.520697750423708
6.400396540526957,-0.17489770492544895,0.00011006657271069145,6.443562613366988
6.500474196317244,-0.17488668972082672,0.0002687385991394549,6.3654928444214605
6.600551849034382,-0.1748597949919829,0.00046462429770919753,6.28645362286089
6.700629494427749,-0.17481329648292965,0.0007176239566397943,6.206407910569592
6.800707124594178,-0.17474147836567008,0.0010522905257442678,6.125316249172838
6.900784724638721,-0.17463616761643325,0.0014991010848231406,6.0431365326609
7.0008622667664175,-0.17448614115207814,0.002095872120849814,5.95982375178837
7.100939699997927,-0.17427639134272066,0.0028893010277222498,5.875329705844669
7.201016932639695,-0.17398723728697157,0.003936609019196344,5.789602676555689
7.301093803064407,-0.1735932717411623,0.005307254896592618,5.7025870578519715
7.401170032092054,-0.17306213669779455,0.0070846868041509695,5.614222933975886
7.501245147096533,-0.1723531239886174,0.00936810237350924,5.524445596834202
7.60131836365716,-0.1714156004247619,0.012274198451755059,5.433184991547849
7.701388404857909,-0.17018725919373165,0.01593891121830542,5.340365076694739
7.80145323089706,-0.1685921997387689,0.02051917606464385,5.245903082633228
7.9015096421249975,-0.16653883643193806,0.026194772686310357,5.149708647329556
8.001552706477957,-0.16391763154761857,0.03317036109593058,5.0516828040149955
8.101574946823662,-0.1605986403631276,0.04167785344275079,4.951716788385702
8.201565203993738,-0.1564288464283476,0.05197929747166348,4.849690624398716
8.30150706588153,-0.15122925498155515,0.06437046111300566,4.74547143626224
8.401376720152811,-0.14479170537813743,0.07918529252372397,4.638911418897844
8.50114004575928,-0.13687536436395942,0.09713738125892231,4.52984537841865
8.600745101603017,-0.12716944356757484,0.11911416178235662,4.418087725745246
8.70011172926214,-0.1152771745014835,0.14443237246706778,4.30342876696952
8.799142849608115,-0.10087357886405299,0.17427024618059894,4.1856300783013305
8.897696350571447,-0.0835226291893362,0.2093056349683177,4.064418673362871
8.9955765969615,-0.0627312359471302,0.25029234870967154,3.939479553491908
9.092517189641207,-0.03794804827271096,0.29804899757428194,3.810446056878486
9.188159896799664,-0.008566623504018656,0.3534295599733407,3.676887155241619
9.282030304297127,0.026064039358919405,0.42497366863972846,3.538290427929964
9.373175259808828,0.06731181912640634,0.505515598522991,3.394038767070996
9.460691043540558,0.11575057291853912,0.5919755751493909,3.2433777381582933
9.543685103380254,0.1715574945771131,0.6952142864621256,3.0853685602178564
9.620472947304783,0.23560932409450983,0.8159866391554101,2.918818108820899
9.688982190334468,0.30844339251204034,0.9276322203085406,2.9717938002160507
9.748948876016602,0.38845513452394514,1.0590060654340365,2.7984921638272557
9.797912955231014,0.47562458230739135,1.1727151968586709,2.9037145849760364
9.836675491998886,0.5677993242941537,1.2742800861595787,3.0052551291034435
9.865899438957076,0.6634514528284732,1.37807090621206,3.1034752119201072
9.885060285694127,0.7616379097963016,1.4523561685444462,3.1986807266438073
9.896881112358436,0.860974997912531,1.5151974367344885,3.2911332988808817
9.902441010725402,0.9608721036439051,1.5683364540680558,3.381058767753461
9.902687157589437,1.0609367797030997,1.612996862997298,3.4686536856542127
9.898465339810093,1.1609191891799802,1.64378788836476,3.5540903746250674
9.891167412562762,1.260724727386849,1.667179095619737,3.637520912792468
9.881536946460992,1.360334092756288,1.684147987429851,3.719080315212694
9.870217491217506,1.4597674304717432,1.6956055831175367,3.7988890995924787
9.857759389245613,1.55906572761573,1.7023893315384802,3.877055376313647
9.844627881027316,1.6582778580926603,1.7052639044837425,3.953676566311735
9.831211202604397,1.7574520703313163,1.7049250835310716,4.028840824728938
9.817828124679437,1.8566308417938697,1.7020039551065356,4.102628229684302
9.804734826530526,1.9558482143263918,1.697070076047572,4.1751117818571695
9.792131222034588,2.0551289028618904,1.6906332619329898,4.246358250430897
9.780166931087003,2.154488615292863,1.683144271063041,4.3164288933101345
9.768947073304478,2.253935135448535,1.6749949771126553,4.385380073722522
9.7585379951384,2.353469814064692,1.666518704339751,4.453263790861996
9.748972959304485,2.4530891938964126,1.6579913053081066,4.520128138781306
9.740257750398337,2.552786569942821,1.6496000099387027,4.586017705046782
9.73237942569592,2.652553604264743,1.641536585732021,4.650973918546797
9.72530581229464,2.752380921093765,1.6339993210282657,4.715035354162527
9.718984818578813,2.8522587021601837,1.6269992431156928,4.7782380006653655
9.713363126596878,2.952178277444654,1.6205804886983834,4.8406154971245705
9.70838290519138,3.0521318792353105,1.6147589767296378,4.902199342234315
9.703984645760205,3.152112784522325,1.6095286162715126,4.963019080257757
9.7001093800065,3.2521153336505333,1.604867176597553,5.0231024667034765
9.696700310255087,3.3521348682502876,1.6007416022731542,5.082475616370683
9.693703906145071,3.4521676234658853,1.5971126258583392,5.141163136003618
9.69107053730027,3.552210600607059,1.5939385959684982,5.19918824346672
9.688754720451524,3.652261438034599,1.5911784947837797,5.256572875077692
9.68671506240801,3.752318291155955,1.5887941650156672,5.313337782505697
9.684913978396702,3.852379727127584,1.586751801480618,5.36950262044843
9.683317259775222,3.9524446361692225,1.5850227872882572,5.425086026138439
9.681893557064384,4.052512159039165,1.5835839702445893,5.480105691590497
9.680613834608005,4.152581628884503,1.5824174827961839,5.53457842938399
9.679450842757287,4.2526525250681635,1.5815102103639411,5.588520232673633
9.678378642925015,4.352724436441278,1.5808530100309537,5.641946330035634
9.677372210604565,4.45279703169535,1.58043977603724,5.69487123568238
9.676407131762499,4.552870034770787,1.5802664419655037,5.747308795514868
9.6754593989949,4.652943203733567,1.5803300030730756,5.799272229426944
9.674505305470188,4.753016312000729,1.580627636632691,5.850774170227609
9.673521426878816,4.853089131247125,1.5811559935103376,5.901826699506058
9.672484674275033,4.953161415710163,1.5819107301108621,5.95244138072796
9.671372393772625,5.05323288787314,1.5828863453648698,6.002629289819803
9.670162482580327,5.153303225598431,1.584076381464926,6.052401043470483
9.668833484984638,5.253372050653509,1.5854740383568504,6.10176682535498
9.667364626883186,5.353438918195031,1.5870732396026699,6.115815153446661
9.665735743711934,5.453503306140642,1.5888701707017832,6.033506028100726
9.663927054512074,5.553564602477992,1.590865290647909,5.950058402329157
9.661918734829642,5.653622087461829,1.5930657947423577,5.865423683855054
9.659690243382906,5.753674906347484,1.595488483837475,5.7795497221779994
9.657219361985728,5.853722026770601,1.5981629755169031,5.692380432747603
9.65448091477387,5.9537621729822146,1.6011351800405484,5.603855368505489
9.651445140669011,6.053793726616289,1.6044709619698285,5.5139092294965995
9.64807570119676,6.153814580045532,1.6082599201813812,5.422471299244265
9.644327312953884,6.2538219229911345,1.6126192456449657,5.329464794060262
9.64014299883908,6.353811934969703,1.6176976562778163,5.234806108264927
9.635450953518024,6.453779344205086,1.6236794561208245,5.138403934212236
9.63016101606758,6.55371679635169,1.6307888122236696,5.0401582307629775
9.624160737152227,6.653613952028482,1.639294371975586,4.939959007029085
9.617311022160562,6.753456198731275,1.6495143350130095,4.837684879271053
9.609441330974017,6.853222817998879,1.661822018558308,4.733201346987869
9.600344428811995,6.9528843908360285,1.676651774503095,4.626358718379691
9.5897707254966,7.0523991527345204,1.6945047793073924,4.516989593869768
9.577422333968508,7.151707927162425,1.7159536573895913,4.4049057868617085
9.562947152699321,7.250727184046005,1.741644037043352,4.289894519813718
9.545933568569378,7.349339714017933,1.77228990462972,4.171713675592773
9.525906827480755,7.447382433668603,1.808658010180799,4.050085800464944
9.50232875648987,7.544631037227581,1.851637113772268,3.9246904325217513
9.474593556907102,7.640778623460517,1.909774395025865,3.795154145898131
9.441321080868308,7.735145205485779,1.97051891837185,3.661037420066582
9.402388066193932,7.827301711911525,2.0396366728740154,3.521817001368438
9.357188492296775,7.916539364428785,2.116784935436893,3.376861707433068
9.30524284755834,8.00203260170081,2.2157308643936733,3.225398423625797
9.245113077088053,8.081966664035809,2.308417677974312,3.3171064184206953
9.177853771629163,8.155980699668296,2.4007284698056743,3.3343134043852376
9.104052456681845,8.223484951881504,2.5024466771828613,3.1808247167461263
9.023776309696473,8.28314756649157,2.5931388805158595,3.2737815868904683
8.938421286086278,8.335297759694784,2.671110405805978,3.364170905091338
8.849258533491284,8.380643503992307,2.741211745120266,3.452194357023236
8.757120783034077,8.419640096353328,2.8090997137922393,3.538028529939106
8.662540605509054,8.452299830312635,2.862093854956077,3.6218290791619463
8.566362663840628,8.47990403057052,2.906175843076659,3.7037340453470837
8.469060575608744,8.503243342580166,2.9437710378984883,3.7838665249534205
8.37094677461832,8.522909580522029,2.9756478071676082,3.8623368416883417
8.272252547105444,8.539439389163302,3.0025555444480383,3.9392443283786136
8.17314638461579,8.553308307032642,3.025190386823745,4.014678801431452
8.073749536055004,8.564930866233905,3.0441791692296167,4.088721790323118
7.974148437807367,8.574664163429418,3.0600749047481735,4.161447570096622
7.8744042661923945,8.582813142138393,3.0733588906564995,4.232924034123821
7.774560080275387,8.589636479408941,3.084446168655615,4.303213436336046
7.674646059390843,8.595352438094839,3.093692317675804,4.372373026019519
7.574683289121286,8.600144353854912,3.101468886316917,4.440455593592068
7.474686215574363,8.60415876768375,3.10788197671747,4.5075099421590945
7.374665450063868,8.607531813207798,3.1132142376987315,4.573581296824523
7.274628120202513,8.610371476493091,3.1176784141424396,4.638711661513689
7.174579106032837,8.612764528780044,3.121422396320675,4.702940131307551
7.07452182828688,8.614782983550146,3.1245697452179213,4.766303166885536
6.974458688496784,8.6164865137627,3.1272229423169335,4.828834836548367
6.874391377081539,8.617924551116392,3.129466369457171,4.8905670303823765
6.774321088180578,8.619138091355811,3.1313690429199714,4.951529650387151
6.674248669008637,8.620161228455313,3.132987106830039,5.011750779783758
6.574174723491818,8.621022440732146,3.1343660797318695,5.071256834223949
6.474099684146381,8.621745652984881,3.1355428446743843,5.130072697210353
6.374023861997591,8.622351099972443,3.136547375807697,5.188221841697125
6.273947481367412,8.622856017396352,3.137404201208969,5.245726439556595
6.173870704258536,8.623275186662882,3.1381336102128787,5.302607460359772
6.073793647585189,8.623621358923598,3.1387526220406885,5.358884760718699
5.973716395471218,8.623905582241111,3.1392757396573088,5.414577165269982
5.873639008123444,8.624137453349086,3.1397155177398584,5.469702540235906
5.77356152830121,8.62432531259488,3.1400829761338045,5.524277860378053
5.673483986073544,8.624476397519013,3.140387890321862,5.578319270054656
5.57340640233554,8.624596967374178,3.1406389886048314,5.631842139004174
5.473328791410488,8.624692407916429,3.1408440824158568,5.684861113401374
5.3732511629691455,8.62476732315823,3.141010152014951,5.737390162666569
5.27317352343459,8.624825618547458,3.1411434052551614,5.789442622451933
5.173095876998903,8.624870578266478,3.141249322618468,5.841031234179725
5.073018226348325,8.624904938024834,3.14133269761083,5.892168181464538
4.972940573171641,8.624930953809724,3.1413976780965327,5.942865123714582
4.8728629185099095,8.624950466500053,3.1414478113548734,5.993133227174508
4.77278526299211,8.624964961971445,3.141486093569816,6.042983193643941
4.672707606990536,8.624975626248508,3.1415150230742213,6.092425287080928
4.572629950721037,8.624983395328577,3.141536655864912,6.141469358277638
4.47255229430614,8.624988999449654,3.1415526615713323,6.190124867776348
4.372474637813935,8.624993001757142,3.1415643780692912,6.238400907176706
4.272396981281475,8.624995831504972,3.1415728631695763,6.286306218970179
4.172319324728477,8.62499781208385,3.141578942173111,6.333849215024237
4.07224166816522,8.6249991842903,3.141583250492328,6.381037993826957
3.972164011596949,8.625000125330258,3.1415862709329563,6.427880356592144
3.8720863550262723,8.625000764091597,3.141588365571396,6.474383822315692
3.772008698454467,8.62500119322643,3.141589802435303,6.520555641865435
3.6719310418821487,8.62500147856329,3.1415907773872664,6.566402811179281
3.5718533853095935,8.625001666329242,3.1415914317316354,6.611932083639635
3.471775728736941,8.625001788609943,3.14159186612268,6.657149981686095
3.3716980721642402,8.625001867417806,3.141592151358096,6.702062807722945
3.27162041559152,8.625001917679977,3.1415923366138396,6.746676654373112
3.171542759018794,8.625001949402188,3.141592455623979,6.7909974141257905
3.0714651024460617,8.625001969214143,3.141592531244256,6.8350307884210135
2.9713874458733294,8.625001981458198,3.141592578770653,6.8787822962108045
2.8713097893005988,8.625001988945922,3.1415926083149563,6.92225728203331
2.7712321327278677,8.625001993476921,3.1415926264806893,6.965460923633352
2.671154476155139,8.625001996189937,3.1415926375284746,7.008398239160157
2.571076819582406,8.625001997797316,3.1415926441741004,7.051074093970591
2.4709991630096737,8.625001998739616,3.1415926481282024,7.0934932070640055
2.370921506436945,8.6250019992862,3.141592650455199,7.135660157172789
2.270843849864212,8.625001999599903,3.1415926518097206,7.177579388530871
2.1707661932914797,8.625001999778048,3.1415926525896105,7.219255216340755
2.0706885367187513,8.625001999878144,3.1415926530337814,7.260691831958109
1.9706108801460183,8.625001999933788,3.1415926532839467,7.301893307811557
1.8705332235732866,8.625001999964397,3.1415926534233534,7.3428636020740035
1.7704555670005582,8.625001999981054,3.1415926535001746,7.383606563100665
1.6703779104278258,8.625001999990022,3.1415926535420287,7.424125933647894
1.5703002538550956,8.625001999994803,3.1415926535646417,7.464425354885882
1.4702225972823642,8.62500199999732,3.1415926535766583,7.5045083702174145
1.370144940709631,8.625001999998634,3.1415926535830305,7.544378428914024
1.270067284136901,8.625001999999311,3.141592653586314,7.584038889580093
1.1699896275641697,8.62500199999966,3.1415926535880536,7.62349302345475
1.0699119709914358,8.625001999999833,3.1415926535889414,7.662744017560762
0.9698343144187052,8.625001999999919,3.1415926535893672,7.701794977708978
0.8697566578459739,8.625001999999961,3.1415926535895626,7.740648931366365
0.7696790012732458,8.625001999999984,3.1415926535897043,7.779308830395104
0.6696013447005142,8.625001999999993,3.141592653589722,7.817777553669792
0.5695236881277823,8.625002,3.1415926535897754,7.856057909579285
0.4694460315550536,8.625002000000002,3.141592653589793,7.894152638419354
0.3693683749823212,8.625002000000002,3.141592653589793,7.932064414681921
0.2692907184095887,8.625002000000002,3.141592653589793,7.969795849246281
0.1692130618368596,8.625002000000002,3.141592653589793,8.0
0.06913540526412698,8.625002000000002,3.141592653589793,8.0
-0.030942251308602058,8.625002000000002,3.141592653589793,8.0
-0.13101990788133464,8.625002000000002,3.141592653589793,8.0
-0.23109756445406718,8.625002000000002,3.141592653589793,8.0
-0.3311752210267961,8.625002000000002,3.141592653589793,8.0
-0.43125287759952846,8.625002000000002,3.141592653589793,8.0
-0.531330534172261,8.625002000000002,3.141592653589793,8.0
-0.6314081907449901,8.625002000000002,3.141592653589793,8.0
-0.731485847317723,8.625002000000002,3.141592653589793,8.0
-0.8315635038904522,8.625002000000002,3.141592653589793,8.0
-0.9316411604631845,8.625002000000002,3.141592653589793,8.0
-1.0317188170359164,8.625002000000002,3.141592653589793,8.0
-1.1317964736086443,8.625002000000002,3.141592653589793,8.0
-1.2318741301813754,8.625002000000002,3.141592653589793,8.0
-1.3319517867541066,8.625002000000002,3.141592653589793,8.0
-1.432029443326835,8.625002000000002,3.141592653589793,8.0
-1.532107099899567,8.625002000000002,3.141592653589793,8.0
-1.6321847564722995,8.625002000000002,3.141592653589793,8.0
-1.7322624130450288,8.625002000000002,3.141592653589793,8.0
-1.832340069617762,8.625002000000002,3.141592653589793,8.0
-1.9324177261904922,8.625002000000002,3.141592653589793,8.0
-2.0324953827632255,8.625002000000002,3.141592653589793,8.0
-2.132573039335958,8.625002000000002,3.141592653589793,8.0
-2.232650695908686,8.625002000000002,3.141592653589793,8.0
-2.332728352481417,8.625002000000002,3.141592653589793,8.0
-2.432806009054149,8.625002000000002,3.141592653589793,8.0
-2.532883665626878,8.625002000000002,3.141592653589793,8.0
-2.6329613221996118,8.625002000000002,3.141592653589793,8.0
-2.7330389787723424,8.625002000000002,3.141592653589793,8.0
-2.8331166353450756,8.625002000000002,3.141592653589793,8.0
-2.933194291917808,8.625002000000002,3.141592653589793,8.0
-3.0332719484905364,8.625002000000002,3.141592653589793,8.0
-3.1333496050632674,8.625002000000002,3.141592653589793,8.0
-3.2334272616359985,8.625002000000002,3.141592653589793,8.0
-3.333504918208727,8.625002000000002,3.141592653589793,8.0
-3.4335825747814597,8.625002000000002,3.141592653589793,8.0
-3.5336602313541894,8.625002000000002,3.141592653589793,8.0
-3.633737887926922,8.625002000000002,3.141592653589793,8.0
-3.733815544499655,8.625002000000002,3.141592653589793,8.0
-3.833893201072384,8.625002000000002,3.141592653589793,8.0
-3.933970857645116,8.625002000000002,3.141592653589793,8.0
-4.034048514217847,8.625002000000002,3.141592653589793,8.0
-4.134126170790579,8.625002000000002,3.141592653589793,8.0
-4.234203827363307,8.625002000000002,3.141592653589793,8.0
-4.334281483936036,8.625002000000002,3.141592653589793,8.0
-4.434359140508772,8.625002000000002,3.141592653589793,8.0
-4.534436797081502,8.625002000000002,3.141592653589793,8.0
-4.634514453654232,8.625002000000002,3.141592653589793,8.0
-4.734592110226969,8.625002000000002,3.141592653589793,8.0
-4.834669766799698,8.625002000000002,3.141592653589793,8.0
-4.934747423372427,8.625002000000002,3.141592653589793,8.0
-5.034825079945154,8.625002000000002,3.141592653589793,8.0
-5.13490273651789,8.625002000000002,3.141592653589793,8.0
-5.234980393090618,8.625002000000002,3.141592653589793,8.0
-5.335058049663348,8.625002000000002,3.141592653589793,8.0
-5.435135706236085,8.625002000000002,3.141592653589793,8.0
-5.535213362808816,8.625002000000002,3.141592653589793,8.0
-5.635291019381546,8.625002000000002,3.141592653589793,8.0
-5.735368675954282,8.625002000000002,3.141592653589793,8.0
-5.83544633252701,8.625002000000002,3.141592653589793,8.0
-5.935523989099736,8.625002000000002,3.141592653589793,8.0
-6.035601645672472,8.625002000000002,3.141592653589793,8.0
-6.1356793022452,8.625002000000002,3.141592653589793,8.0
-6.23575695881793,8.625002000000002,-3.1415926535897754,8.0
-6.335834615390665,8.625002,-3.14159265358974,8.0
-6.435912271963391,8.625001999999995,-3.1415926535897043,8.0
-6.5359899285361225,8.625001999999986,-3.1415926535895804,8.0
-6.6360675851088535,8.625001999999965,-3.1415926535893317,8.0
-6.736145241681587,8.625001999999919,-3.141592653588817,8.0
-6.836222898254318,8.62500199999982,-3.1415926535877343,8.0
-6.9363005548270475,8.625001999999615,-3.141592653585498,8.0
-7.036378211399784,8.625001999999185,-3.141592653580936,8.0
-7.136455867972513,8.625001999998299,-3.1415926535717418,8.0
-7.236533524545241,8.625001999996492,-3.1415926535533707,8.0
-7.33661118111798,8.625001999992847,-3.1415926535170016,8.0
-7.43668883769071,8.625001999985562,-3.1415926534459846,8.0
-7.536766494263441,8.62500199997117,-3.1415926533086367,8.0
-7.636844150836178,8.625001999943033,-3.141592653045904,8.0
-7.736921807408905,8.625001999888601,-3.141592652548804,8.0
-7.836999463981631,8.625001999784422,-3.141592651618449,7.970113327134663
-7.9370771205543695,8.625001999587134,-3.1415926498961873,7.907130101836542
-8.037154777127096,8.625001999217487,-3.1415926467424944,7.843641147284185
-8.137232433699824,8.625001998532225,-3.1415926410303654,7.779634081842768
-8.237310090272558,8.625001997275307,-3.141592630796496,7.715096010249618
-8.337387746845286,8.625001994994207,-3.1415926126606717,7.6500134932802295
-8.437465403418017,8.625001990898117,-3.1415925808705234,7.584372515071341
-8.537543059990746,8.625001983620542,-3.1415925257514075,7.518158447876021
-8.637620716563479,8.625001970826776,-3.1415924312222323,7.451356013999706
-8.737698373136201,8.625001948572752,-3.1415922708677146,7.383949244636612
-8.837776029708923,8.625001910270823,-3.1415920018087244,7.315921435292316
-8.937853686281638,8.625001845042101,-3.1415915552660176,7.247255097439967
-9.037931342854304,8.625001735124432,-3.141590822228192,7.177931906013709
-9.138008999426855,8.625001551846054,-3.141589631982933,7.107932642292665
-9.238086655999115,8.62500124945072,-3.141587720404713,7.037237131671036
-9.338164312570576,8.625000755749118,-3.14158468377195,6.9658241757432835
-9.438241969140002,8.624999958148425,-3.1415799124759447,6.893671478056493
-9.538319625704302,8.62499868304761,-3.141572497256543,6.820755562792849
-9.638397282255957,8.624996665849013,-3.1415610985550777,6.747051685541589
-9.738474938777134,8.624993507895086,-3.141543767245675,6.672533735199066
-9.838552595226354,8.62498861546433,-3.141517702476829,6.597174125894329
-9.938630251509217,8.624981114532595,-3.1414789297696255,6.520943677671936
-10.038707907415667,8.624969733319203,-3.1414218800918907,6.443811484468614
-10.13878556248827,8.624952642707818,-3.14133884864344,6.365744767689764
-10.238863215752403,8.624927242503855,-3.1412193108774566,6.286708713418302
-10.338940865176193,8.624889879241039,-3.1410490731952825,6.206666290962452
-10.439018506614678,8.624835478991866,-3.140809237074502,6.125578050059406
-10.539096131793041,8.62475707651145,-3.140474958277775,6.04340189358358
-10.639173724543225,8.624645220208617,-3.1400139871328796,5.960092822043093
-10.739251253942054,8.624487231038618,-3.139384981210366,5.875602645462813
-10.839328662082925,8.624266292549922,-3.1385355871483456,5.789879657416862
-10.939405842771317,8.623960349006204,-3.1374002925326976,5.70286826494963
-11.039482605220742,8.623540788626539,-3.1358980499519316,5.61450856686225
-11.139558613508896,8.622970889265336,-3.133929671878474,5.524735871276526
-11.239633287692959,8.622204003856405,-3.131374985553882,5.4334801414351
-11.339705645497487,8.621181462139836,-3.12808972132053,5.340665356242572
-11.439774053617706,8.619830163074614,-3.1239020874231103,5.246208768946352
-11.5398358439321,8.618059828669445,-3.11860896352578,5.150020043394938
-11.639886730999894,8.615759885094448,-3.111971632038054,5.052000242217888
-11.739919941491342,8.612795932297628,-3.103710973513356,4.952040634664622
-11.839924931682758,8.609005762087532,-3.0935020985484885,4.850021283187281
-11.93988552370125,8.604194892461397,-3.080968500087002,4.745809356407987
-12.039777233072979,8.598131612217776,-3.065676022909756,4.639257100804998
-12.1395634892226,8.59054158897546,-3.0471273092822413,4.530199382739086
-12.23919037101719,8.581102206489705,-3.024757950835995,4.418450684048606
-12.338579404235048,8.56943699189287,-2.997936420803963,4.303801394972774
-12.437617926452692,8.555110804654333,-2.965971021182618,4.1860131924504955
-12.536146574291426,8.537626920420623,-2.928128518561084,4.064813211867132
-12.633943685427925,8.516427768800462,-2.8795213705779976,3.939886603364313
-12.73059107901301,8.490503011049478,-2.8231587047136695,3.810866889222134
-12.82561425546726,8.459178405025957,-2.760870463990212,3.6773232720784264
-12.918489915913888,8.422004888116005,-2.690402033303526,3.538743625549834
-13.008512921270455,8.378386549637476,-2.608235520505114,3.394511223632879
-13.094649506003332,8.327528447837938,-2.5104201418961427,3.2438721379501976
-13.175401932234616,8.268505522784462,-2.419481373177993,3.3350721802338232
-13.250449268852991,8.202403062151985,-2.3271231793115743,3.2626458279755792
-13.319092628491155,8.129647903824651,-2.2204093585693956,3.105617136545723
-13.379599114609704,8.049991550664917,-2.134608267262214,3.20075894106483
-13.433051813148447,7.96545095627409,-2.0558473981255254,3.2931531696546474
-13.479692206182367,7.876957308064717,-1.9831583484883923,3.383024948002372
-13.519790000096373,7.785293121310251,-1.9131058482160592,3.4705702411572728
-13.553376468043679,7.691038471735944,-1.8595115832933944,3.555960882631648
-13.581864735969539,7.595122954478353,-1.8128235271038304,3.639348540440507
-13.605846036162092,7.497980116357664,-1.7724104916967969,3.720867882471299
-13.625883837475627,7.399943542066474,-1.7375968728979256,3.8006391303051186
-13.642497893792335,7.301264676489695,-1.7077184076411245,3.878770139980771
-13.656157088130028,7.2021299855476935,-1.6821543338924496,3.95535811258683
-13.66727810200595,7.102675918311662,-1.6603429176843512,4.030491012123268
-13.676227568107581,7.00300118463101,-1.641786270659222,4.104248749625984
-13.683326049730848,6.903176437735897,-1.6258642772584508,4.176704178991667
-13.688834318221879,6.803250811022037,-1.6124904177617592,4.247923939856557
-13.693005746527202,6.703260363247044,-1.6014457867630356,4.317969175296004
-13.696072584843089,6.603229956823486,-1.5921883822338594,4.386896146343842
-13.698213283703042,6.503175414899338,-1.5844898415025073,4.454756760902491
-13.699583653395212,6.403107312106659,-1.5781523137349953,4.5215990311842615
-13.700319815768164,6.30303248858533,-1.5730045072387413,4.587467471144232
-13.700540804922246,6.202955162245343,-1.5688982824638216,4.6524034432545145
-13.700350853312642,6.102877741297129,-1.5657056829074627,4.716445462295357
-13.699841395968349,6.002801414068786,-1.5633162933967104,4.779629462500882
-13.699092818862242,5.902726574155829,-1.5616348293447364,4.841989033321582
-13.698175970557646,5.8026531245747455,-1.5605788835701462,4.903555628195368
-13.697153450593655,5.702580693647487,-1.5600767836469078,4.9643587500105655
-13.696080684381467,5.602508786940245,-1.5600655388248426,5.024426116364581
-13.695006792886813,5.502436893071226,-1.5604888789515172,5.083783807245
-13.693975265962038,5.402364556137193,-1.5612954070953073,5.142456397365608
-13.693024450556107,5.302291423578838,-1.5624369018945377,5.200467075062246
-13.692187868742316,5.202217275309387,-1.5638668146092918,5.257837749380108
-13.691494385064116,5.102142037737408,-1.565539009235188,5.314589146755042
-13.69096824757504,5.002065784834718,-1.5674067918156398,5.370740898498687
-13.690629031589722,4.9019887275646905,-1.5694222674100484,5.42631162013448
-13.690491519027216,4.801911192721558,-1.5715360504273317,5.481318983493525
-13.690565548806722,4.701833592442614,-1.5736973369221665,5.535779782361875
-13.690855874609944,4.601756386215145,-1.5758543270895131,5.589709992370488
-13.691362065125668,4.5016800379458,-1.57795496408261,5.643124825733211
-13.692078478466431,4.401604971402448,-1.5799479332669237,5.696038781364334
-13.69299433680824,4.301531527884814,-1.581783846142166,5.748465690843644
-13.694093919673962,4.201459930160735,-1.5834165174150772,5.800418760641898
-13.695356885083248,4.101390256406952,-1.5848042338125232,5.851910610971984
-13.696758717622902,4.001322427086283,-1.5859109103994782,5.90295331158959
-13.698271292065447,3.9012562064418015,-1.5867070349261712,5.953558414831126
-13.699863531239844,3.801191218748755,-1.587170312828676,6.003736986145088
-13.7015021281653,3.701126977857043,-1.5872859439279903,6.05349963234545
-13.703152295617576,3.601062927129899,-1.5870464849746337,6.102856527791433
-13.704778501761608,3.5009984858660337,-1.5864512778542055,6.15181743867668
-13.706345148499134,3.4009330978481778,-1.5855054491820533,6.200391745592089
-13.707817149762583,3.3008662778647127,-1.5842185108668003,6.248588464509926
-13.70916036993061,3.200797652874835,-1.5826026109752773,6.2658750895017565
-13.710341887443086,3.1007269958141817,-1.580670498314149,6.185563081663515
-13.711330054998351,3.0006542516931227,-1.5784332715913236,6.104194511746709
-13.71209433477231,2.90057955743653,-1.5758979845454137,6.021726549523703
-13.712604894226862,2.8005032586953647,-1.5730651723668596,5.938113390399231
-13.71283195462384,2.700425928543615,-1.5699263529089655,5.8533059579385265
-13.712744889760755,2.600348394575051,-1.5664615396900623,5.767251567015146
-13.712311076236324,2.5002717825609815,-1.5626367836181412,5.679893541012777
-13.711494498392709,2.4001975867675793,-1.5584017376183956,5.591170775181049
-13.710254110724891,2.30012777961453,-1.553687213476896,5.5010172365880345
-13.708541957832244,2.200064977054366,-1.5484026735537384,5.409361389040176
-13.706301046818576,2.1000126814535003,-1.5424335719169806,5.316125528732242
-13.703462959425009,1.999975631606239,-1.5356384308268167,5.22122501308253
-13.69994518129292,1.8999603007631445,-1.5278455115830658,5.124567360981673
-13.695648114166845,1.7999755994389564,-1.518848918042667,5.026051197236123
-13.690451724823907,1.7000338618879776,-1.508403964677224,4.925565006904149
-13.684211774523638,1.6001522255324305,-1.4962216621954951,4.822985655922965
-13.676755569228767,1.5003545537326441,-1.481962243577667,4.718176622090219
-13.667877181217149,1.4006741066347783,-1.465227804271776,4.6109858639165955
-13.657332129036282,1.3011572342417592,-1.4455544108561325,4.501243232401318
-13.644831583704818,1.2018684495557321,-1.4224045127155256,4.38875729987871
-13.630036322188925,1.1028973305200986,-1.3951612654051408,4.2733114369583065
-13.612550912460259,1.0043677772075807,-1.3631275525917699,4.1546589074482
-13.591919034490246,0.9064501702917832,-1.325534165018936,4.032516662983387
-13.567621462740629,0.8093768522433354,-1.2780768007251597,3.906557389472049
-13.538747153827401,0.7135688824357783,-1.221712503847962,3.7763991628585387
-13.504524856386764,0.6195491506539722,-1.1597404084432887,3.641591772458669
-13.46455139003227,0.5278431557289144,-1.0890816603783022,3.5015982975262414
-13.418206084401403,0.4391935813642184,-1.0048923193743409,3.355769753311254
-13.364574331641604,0.35476136703126204,-0.9045885078533488,3.2033093258751446
-13.302762521949846,0.27613041444946584,-0.8098958782484122,3.295632054286199
-13.233801968093701,0.20370554782871553,-0.7078022039817484,3.1747688468386124
-13.157817886863304,0.13868487839888785,-0.598586231989441,3.069532497207613
-13.075189224349256,0.08232689686765866,-0.5090502743011422,3.1657589534602293
-12.987853444859343,0.03358370669230551,-0.4268836781741937,3.259145555419949
-12.896789280687692,-0.007837247858632731,-0.3429124108996581,3.349929812908564
-12.80255972142082,-0.04147881249499893,-0.2819859996755568,3.438317866546606
-12.706460278169608,-0.06931937610517758,-0.22982164036609262,3.524489998767709
-12.609035089122202,-0.0921125088446908,-0.18573841549779307,3.6086049591793232
-12.510692748362217,-0.11059144991610868,-0.14888752052262333,3.690803401891464
-12.41172968310502,-0.12543566410850185,-0.11804499302623006,3.771210647976801
-12.31235149530896,-0.1372215564959505,-0.09186478150926165,3.8499389282706296
-12.212697339792653,-0.14640210356163708,-0.07214524071186268,3.927089221218892
-12.112881676023392,-0.1536158486894508,-0.05611202747635568,4.002752771707692
-12.012962938326135,-0.15922838334800327,-0.043178524246774604,4.077012356053586
-11.912979625778439,-0.1635482001673484,-0.032834607111648706,4.149943343157062
-11.812956662434573,-0.1668335956298827,-0.024639698033128547,4.221614590581857
-11.712909884397368,-0.16929921702178322,-0.018215244871202328,4.2920892059012035
-11.612849149716888,-0.171122049412753,-0.013237509853611312,4.361425197273665
-11.512780457582384,-0.17244678709048938,-0.009431037621736938,4.429676032331668
-11.412707367498,-0.17339060815071947,-0.006562881805969476,4.496891120698124
-11.312631931941374,-0.1740474008356496,-0.004437521730762227,4.563116232511904
-11.212555296542668,-0.17449149599495803,-0.0028923454355269658,4.628393863038628
-11.112478077221402,-0.1747809546906338,-0.0017935739791431263,4.692763551620051
-11.012400590826019,-0.17496045125860527,-0.001032528412611713,4.7562621617624945
-10.912322991873863,-0.17506378425971095,-0.0005221767277537375,4.818924127999282
-10.812245350780898,-0.1751160424796079,-0.00019393199197853238,4.880781674221215
-10.712167696801231,-0.17513545073864004,5.301537354284253e-06,4.941865007404962
-10.61209004046643,-0.17513492017320664,0.00011582255377421083,5.002202490045125
-10.51201238462539,-0.17512332892347957,0.00016755045899690906,5.061820794083256
-10.411934729465639,-0.1751065608662653,0.000182153136510225,5.120745038704197
-10.31185707455319,-0.1750883314073268,0.000174879212105555,5.1789989140193535
-10.211779419513855,-0.17507082990568573,0.00015609954156222934,5.2366047923643855
-10.111701764166737,-0.17505520782943854,0.00013257281420149303,5.293583828694286
-10.011624108480841,-0.17504194025290784,0.0001084585959019177,5.349956051353474
-9.911546452503467,-0.17503108597081682,8.610700546734279e-05,5.405740444325241
-9.811468796307054,-0.17502246858350626,6.665730081256303e-05,5.460955021918204
-9.711391139960433,-0.17501579767705266,5.0478176472369975e-05,5.515616896722764
-9.611313483517705,-0.17501074593944552,3.748104093598009e-05,5.569742341564254
-9.511235827016826,-0.17500699492470367,2.733456149856805e-05,5.623346846088516
-9.411158170482397,-0.17500425934584582,1.9604937898798384e-05,5.676445168537582
-9.31108051392942,-0.1750022973296038,1.384221338748188e-05,5.72905138320592
-9.211002857366562,-0.17500091203332624,9.628853007075778e-06,5.781178924009675
-9.110925200798615,-0.17499994840028182,6.603086487166446e-06,5.8328406245511
-9.010847544228143,-0.17499928757886005,4.466284352112807e-06,5.884048755016707
-8.91076988765645,-0.1749988406035885,2.9809736544833135e-06,5.934815056209726
-8.81069223108418,-0.17499854227473086,1.9639985928059863e-06,5.985150770984275
-8.710614574511643,-0.17499834572235418,1.2777410304820768e-06,6.035066673319663
-8.610536917939,-0.17499821784902614,8.211623162591755e-07,6.084573095247822
-8.510459261366304,-0.17499813566902586,5.21628301196129e-07,6.133679951824488
-8.410381604793582,-0.17499808346568788,3.279536537783992e-07,6.1823967643150874
-8.310303948220858,-0.17499805064485474,2.0477823812144515e-07,6.230732681748886
-8.21022629164813,-0.17499803015112855,1.2820798793319246e-07,6.278696500979615
-8.110148635075396,-0.17499801732037357,8.256892659547962e-08,6.32629668537713
-8.010070978502668,-0.1749980090570689,5.810120141206887e-08,6.3735413822625855
-7.909993321929937,-0.1749980032424368,4.943616097183836e-08,6.420438439188843
-7.809915665357201,-0.17499799829498167,5.473793202692437e-08,6.466995419158241
-7.709838008784469,-0.1749979928169377,7.544271010301107e-08,6.513219614861277
-7.609760352211738,-0.17499798526680807,1.165897144933062e-07,6.559118062012124
-7.509682695639001,-0.17499797359878266,1.878067672312541e-07,6.604697551850022
-7.409605039066273,-0.1749979548035215,3.0509191772737123e-07,6.64996464286944
-7.309527382493547,-0.17499792427063735,4.936228398354277e-07,6.694925671836371
-7.209449725920824,-0.1749978748700203,7.919303273157217e-07,6.739586764143161
-7.109372069348128,-0.17499779561548898,1.2578925255851447e-06,6.783953843549769
-7.009294412775482,-0.1749976697285528,1.9771420300706234e-06,6.8280326413553185
-6.909216756202957,-0.17499747186081172,3.074624700645128e-06,6.8718287050401425
-6.809139099630715,-0.17499716415957683,4.730198284591186e-06,6.915347406415218
-6.709061443059156,-0.1749966907724174,7.199295848505604e-06,6.95859394931287
-6.608983786489131,-0.1749959702837599,1.0839781089718252e-05,7.001573376849927
-6.508906129922514,-0.1749948854638707,1.614615901428042e-05,7.044290578292018
-6.408828473363336,-0.174993269594114,2.3792236795028957e-05,7.086750295545462
-6.308750816819975,-0.17499088852281117,3.468310925467965e-05,7.12895712930115
-6.208673160309521,-0.17498741751851507,5.001692031516589e-05,7.170915544852951
-6.108595503866069,-0.17498241194234324,7.135617591828698e-05,7.212629877611473
-6.00851784755597,-0.17497527078348196,0.00010070741364996278,7.254104338332452
-5.908440191505403,-0.1749651922215429,0.00014060674645224324,7.295343018077608
-5.808362535948771,-0.17495112062790977,0.00019420719914422247,7.336349892924526
-5.7082848813111715,-0.17493168482666133,0.00026536189610494647,7.377128828440893
-5.608207228345359,-0.17490512803028924,0.0003586951387066551,7.417683583937353
-5.508129578352469,-0.17486923066220406,0.00047965139501724883,7.4580178165122195
-5.408051933527198,-0.17482122827657234,0.0006345104370217182,7.498135084900357
-5.307974297481304,-0.17475772796346695,0.0008303555816906904,7.538038853137711
-5.207896676011929,-0.17467462793277863,0.0010749815377646412,7.5777324940521416
-5.107819078191199,-0.1745670463213376,0.0013767290529893717,7.61721929259055
-5.007741517855449,-0.1744292665494226,0.0017442356871799059,7.656502448991556
-4.907664015560743,-0.1742547076214127,0.002186095816439136,7.695585081812409
-4.807586601038111,-0.17403592845568833,0.002710428488697021,7.734470230818249
-4.7075093161207215,-0.1737646754673301,0.0033243589189148517,7.773160859741274
-4.607432218021243,-0.17343198204811125,0.004033427957695412,7.811659858916906
-4.507355382710644,-0.17302832715369068,0.004840953311285649,7.849970047803603
-4.407278907998174,-0.17254385782755838,0.005747375968221126,7.8880941773925155
-4.307202915754668,-0.17196867714154204,0.0067496343805263535,7.926034932512833
-4.207127552586813,-0.17129319477185231,0.007840616535662467,7.963794934038276
-4.107052988198612,-0.17050853240833547,0.009008745170699765,8.0
-4.006979410711989,-0.1696069706608102,0.0102377530526989,8.0
-3.9069070184010743,-0.16858241842570604,0.011506702544710801,8.0
-3.8068360076488044,-0.1674308802483508,0.012790295730637051,8.0
-3.7067665574554853,-0.16615089258757726,0.01405950744389976,8.0
-3.6066988114717398,-0.1647438966599586,0.015282553131710433,8.0
-3.5066328592030325,-0.1632145143601928,0.016426176541069207,8.0
-3.4065687186094706,-0.16157069527402132,0.017457209489815745,8.0
-3.3065063226494793,-0.15982370759483308,0.01834431949794201,8.0
-3.206445512247891,-0.15798795419604175,0.019059824511340615,8.0
-3.1063860376181966,-0.15608060719826755,0.019581422963546254,8.0
-3.0063275688426994,-0.15412106954379168,0.019893669154212208,8.0
-2.9062697152434307,-0.15213028907859813,0.019989025909255352,8.0
-2.8062120516128273,-0.15012996742382473,0.0198683545554399,8.0
-2.7061541481421387,-0.14814171989346972,0.01954075792105234,8.0
-2.606095600200388,-0.1461862511310125,0.01902277036396728,8.0
-2.5060360541776383,-0.1442826117381002,0.01833697752397683,8.0
-2.4059752264191436,-0.14244759291203937,0.017510230031476642,8.0
-2.305912913634403,-0.14069529970490668,0.016510359494242018,8.0
-2.2058488969346395,-0.1390430566846338,0.01542196127464553,8.0
-2.1057831445440813,-0.1374997241706067,0.014324155614953968,8.0
-2.005715764696303,-0.1360662454072692,0.013207293084544783,8.0
-1.905646852251893,-0.1347445291009374,0.012094792294972253,8.0
-1.8055765350251582,-0.13353414037844424,0.011005394119705959,8.0
-1.7055049587105264,-0.13243276877499693,0.009953262214049,8.0
-1.605432275079208,-0.13143668622102114,0.00894846880634631,8.0
-1.5053586335939981,-0.1305411564585157,0.00796741593862564,8.0
-1.4052841534551022,-0.12974380457844548,0.006927177586372694,8.0
-1.3052088996018925,-0.12905055443424904,0.006122706190390502,8.0
-1.205133126918959,-0.1284378122245851,0.0053837283032834434,8.0
-1.1050569302071505,-0.1278990239663445,0.004707371157223249,8.0
-1.0049803900383634,-0.12742792306787196,0.004090588476665217,8.0
-0.9049035747079595,-0.12701854771694998,0.004090588476665217,8.0
